<?xml version="1.0" encoding="UTF-8" ?>
<module>
	<name>mpsimpleproductimporter</name>
	<displayName><![CDATA[MP Importazione semplificata prodotti]]></displayName>
	<version><![CDATA[1.0.0]]></version>
	<description><![CDATA[Importa i prodotti da un file CSV]]></description>
	<author><![CDATA[Digital Solutions&reg;]]></author>
	<tab><![CDATA[administration]]></tab>
	<confirmUninstall><![CDATA[Sei sicuro di volere disinstallare?]]></confirmUninstall>
	<is_configurable>0</is_configurable>
	<need_instance>0</need_instance>
	<limited_countries></limited_countries>
</module>